Id,SaleId,ProductId,Qty,UnitPrice,LineTotal,NabavnaCena,DataOrigin
1,1,8,1,8370.00,8370.00,4650.00,access
2,1,25,2,7956.00,15912.00,4420.00,access
3,1,39,1,10152.00,10152.00,5640.00,access
4,2,15,2,7560.00,15120.00,4200.00,access
5,2,32,1,7956.00,7956.00,4420.00,access
6,2,46,1,10476.00,10476.00,5820.00,access
7,3,22,1,7254.00,7254.00,4030.00,access
8,3,39,1,10152.00,10152.00,5640.00,access
9,3,53,1,10800.00,10800.00,6000.00,access
10,4,13,1,8370.00,8370.00,4650.00,access
11,4,30,2,7488.00,14976.00,4160.00,access
12,4,44,1,9828.00,9828.00,5460.00,access
13,5,20,2,8424.00,16848.00,4680.00,access
14,5,37,1,9504.00,9504.00,5280.00,access
15,5,51,1,10152.00,10152.00,5640.00,access
16,6,27,1,8424.00,8424.00,4680.00,access
17,6,44,1,9828.00,9828.00,5460.00,access
18,6,58,1,6912.00,6912.00,3840.00,access
19,7,18,1,7956.00,7956.00,4420.00,access
20,7,35,2,7020.00,14040.00,3900.00,access
21,7,49,1,9504.00,9504.00,5280.00,access
22,8,25,2,7956.00,15912.00,4420.00,access
23,8,42,1,9180.00,9180.00,5100.00,access
24,8,56,1,6480.00,6480.00,3600.00,access
25,9,32,1,7956.00,7956.00,4420.00,access
26,9,49,1,9504.00,9504.00,5280.00,access
27,9,63,1,7128.00,7128.00,3960.00,access
28,10,23,1,7488.00,7488.00,4160.00,access
29,10,40,2,10476.00,20952.00,5820.00,access
30,10,54,1,6912.00,6912.00,3840.00,access
31,11,30,2,7488.00,14976.00,4160.00,access
32,11,47,1,10800.00,10800.00,6000.00,access
33,11,61,1,6696.00,6696.00,3720.00,access
34,12,37,1,9504.00,9504.00,5280.00,access
35,12,54,1,6912.00,6912.00,3840.00,access
36,12,68,1,6732.00,6732.00,3740.00,access
37,13,28,1,7020.00,7020.00,3900.00,access
38,13,45,2,10152.00,20304.00,5640.00,access
39,13,59,1,7128.00,7128.00,3960.00,access
40,14,35,2,7020.00,14040.00,3900.00,access
41,14,52,1,10476.00,10476.00,5820.00,access
42,14,66,1,6336.00,6336.00,3520.00,access
43,15,42,1,9180.00,9180.00,5100.00,access
44,15,59,1,7128.00,7128.00,3960.00,access
45,15,73,1,6138.00,6138.00,3410.00,access
46,16,33,1,8190.00,8190.00,4550.00,access
47,16,50,2,9828.00,19656.00,5460.00,access
48,16,64,1,5940.00,5940.00,3300.00,access
49,17,40,2,10476.00,20952.00,5820.00,access
50,17,57,1,6696.00,6696.00,3720.00,access
51,17,71,1,7326.00,7326.00,4070.00,access
52,18,47,1,10800.00,10800.00,6000.00,access
53,18,64,1,5940.00,5940.00,3300.00,access
54,18,78,1,7128.00,7128.00,3960.00,access
55,19,38,1,9828.00,9828.00,5460.00,access
56,19,55,2,7128.00,14256.00,3960.00,access
57,19,69,1,6930.00,6930.00,3850.00,access
58,20,45,2,10152.00,20304.00,5640.00,access
59,20,62,1,6912.00,6912.00,3840.00,access
60,20,76,1,6732.00,6732.00,3740.00,access
61,21,52,1,10476.00,10476.00,5820.00,access
62,21,69,1,6930.00,6930.00,3850.00,access
63,21,83,1,6534.00,6534.00,3630.00,access
64,22,43,1,9504.00,9504.00,5280.00,access
65,22,60,2,6480.00,12960.00,3600.00,access
66,22,74,1,6336.00,6336.00,3520.00,access
67,23,50,2,9828.00,19656.00,5460.00,access
68,23,67,1,6534.00,6534.00,3630.00,access
69,23,81,1,6138.00,6138.00,3410.00,access
70,24,57,1,6696.00,6696.00,3720.00,access
71,24,74,1,6336.00,6336.00,3520.00,access
72,24,88,1,5940.00,5940.00,3300.00,access
73,25,48,1,9180.00,9180.00,5100.00,access
74,25,65,2,6138.00,12276.00,3410.00,access
75,25,79,1,7326.00,7326.00,4070.00,access
76,26,55,2,7128.00,14256.00,3960.00,access
77,26,72,1,5940.00,5940.00,3300.00,access
78,26,86,1,7128.00,7128.00,3960.00,access
79,27,62,1,6912.00,6912.00,3840.00,access
80,27,79,1,7326.00,7326.00,4070.00,access
81,27,93,1,6930.00,6930.00,3850.00,access
82,28,53,1,10800.00,10800.00,6000.00,access
83,28,70,2,7128.00,14256.00,3960.00,access
84,28,84,1,6732.00,6732.00,3740.00,access
85,29,60,2,6480.00,12960.00,3600.00,access
86,29,77,1,6930.00,6930.00,3850.00,access
87,29,91,1,6534.00,6534.00,3630.00,access
88,30,67,1,6534.00,6534.00,3630.00,access
89,30,84,1,6732.00,6732.00,3740.00,access
90,30,98,1,6336.00,6336.00,3520.00,access
91,31,58,1,6912.00,6912.00,3840.00,access
92,31,75,2,6534.00,13068.00,3630.00,access
93,31,89,1,6138.00,6138.00,3410.00,access
94,32,65,2,6138.00,12276.00,3410.00,access
95,32,82,1,6336.00,6336.00,3520.00,access
96,32,96,1,5940.00,5940.00,3300.00,access
97,33,72,1,5940.00,5940.00,3300.00,access
98,33,89,1,6138.00,6138.00,3410.00,access
99,33,103,1,5580.00,5580.00,3100.00,access
100,34,63,1,7128.00,7128.00,3960.00,access
101,34,80,2,5940.00,11880.00,3300.00,access
102,34,94,1,7128.00,7128.00,3960.00,access
103,35,70,2,7128.00,14256.00,3960.00,access
104,35,87,1,7326.00,7326.00,4070.00,access
105,35,101,1,5220.00,5220.00,2900.00,access
106,36,77,1,6930.00,6930.00,3850.00,access
107,36,94,1,7128.00,7128.00,3960.00,access
108,36,108,1,5580.00,5580.00,3100.00,access
109,37,68,1,6732.00,6732.00,3740.00,access
110,37,85,2,6930.00,13860.00,3850.00,access
111,37,99,1,6534.00,6534.00,3630.00,access
112,38,75,2,6534.00,13068.00,3630.00,access
113,38,92,1,6732.00,6732.00,3740.00,access
114,38,106,1,5220.00,5220.00,2900.00,access
115,39,82,1,6336.00,6336.00,3520.00,access
116,39,99,1,6534.00,6534.00,3630.00,access
117,39,113,1,0.00,0.00,0.00,access
118,40,73,1,6138.00,6138.00,3410.00,access
119,40,90,2,6336.00,12672.00,3520.00,access
120,40,104,1,5760.00,5760.00,3200.00,access
121,41,80,2,5940.00,11880.00,3300.00,access
122,41,97,1,6138.00,6138.00,3410.00,access
123,41,111,1,0.00,0.00,0.00,access
124,42,87,1,7326.00,7326.00,4070.00,access
125,42,104,1,5760.00,5760.00,3200.00,access
126,42,118,1,0.00,0.00,0.00,access
127,43,78,1,7128.00,7128.00,3960.00,access
128,43,95,2,7326.00,14652.00,4070.00,access
129,43,109,1,5760.00,5760.00,3200.00,access
130,44,85,2,6930.00,13860.00,3850.00,access
131,44,102,1,5400.00,5400.00,3000.00,access
132,44,116,1,0.00,0.00,0.00,access
133,45,92,1,6732.00,6732.00,3740.00,access
134,45,109,1,5760.00,5760.00,3200.00,access
135,45,3,1,8370.00,8370.00,4650.00,access
136,46,83,1,6534.00,6534.00,3630.00,access
137,46,100,2,6732.00,13464.00,3740.00,access
138,46,114,1,0.00,0.00,0.00,access
139,47,90,2,6336.00,12672.00,3520.00,access
140,47,107,1,5400.00,5400.00,3000.00,access
141,47,1,1,7830.00,7830.00,4350.00,access
142,48,97,1,6138.00,6138.00,3410.00,access
143,48,114,1,0.00,0.00,0.00,access
144,48,8,1,8370.00,8370.00,4650.00,access
145,49,88,1,5940.00,5940.00,3300.00,access
146,49,105,2,5040.00,10080.00,2800.00,access
147,49,119,1,0.00,0.00,0.00,access
148,50,95,2,7326.00,14652.00,4070.00,access
149,50,112,1,0.00,0.00,0.00,access
150,50,6,1,7830.00,7830.00,4350.00,access
151,51,102,1,5400.00,5400.00,3000.00,access
152,51,119,1,0.00,0.00,0.00,access
153,51,13,1,8370.00,8370.00,4650.00,access
154,52,93,1,6930.00,6930.00,3850.00,access
155,52,110,2,5040.00,10080.00,2800.00,access
156,52,4,1,8640.00,8640.00,4800.00,access
157,53,100,2,6732.00,13464.00,3740.00,access
158,53,117,1,0.00,0.00,0.00,access
159,53,11,1,7830.00,7830.00,4350.00,access
160,54,107,1,5400.00,5400.00,3000.00,access
161,54,4,1,8640.00,8640.00,4800.00,access
162,54,18,1,7956.00,7956.00,4420.00,access
163,55,98,1,6336.00,6336.00,3520.00,access
164,55,115,2,0.00,0.00,0.00,access
165,55,9,1,8640.00,8640.00,4800.00,access
166,56,105,2,5040.00,10080.00,2800.00,access
167,56,2,1,8100.00,8100.00,4500.00,access
168,56,16,1,7488.00,7488.00,4160.00,access
169,57,112,1,0.00,0.00,0.00,access
170,57,9,1,8640.00,8640.00,4800.00,access
171,57,23,1,7488.00,7488.00,4160.00,access
172,58,103,1,5580.00,5580.00,3100.00,access
173,58,120,2,0.00,0.00,0.00,access
174,58,14,1,8640.00,8640.00,4800.00,access
175,59,110,2,5040.00,10080.00,2800.00,access
176,59,7,1,8100.00,8100.00,4500.00,access
177,59,21,1,7020.00,7020.00,3900.00,access
178,60,117,1,0.00,0.00,0.00,access
179,60,14,1,8640.00,8640.00,4800.00,access
180,60,28,1,0.00,0.00,3900.00,access
181,61,108,1,5580.00,5580.00,3100.00,access
182,61,5,2,7560.00,15120.00,4200.00,access
183,61,19,1,8190.00,8190.00,4550.00,access
184,62,115,2,0.00,0.00,0.00,access
185,62,12,1,8100.00,8100.00,4500.00,access
186,62,26,1,8190.00,8190.00,4550.00,access
187,63,2,1,8100.00,8100.00,4500.00,access
188,63,19,1,8190.00,8190.00,4550.00,access
189,63,33,1,8190.00,8190.00,4550.00,access
190,64,113,1,0.00,0.00,0.00,access
191,64,10,2,7560.00,15120.00,4200.00,access
192,64,24,1,7722.00,7722.00,4290.00,access
193,65,120,2,0.00,0.00,0.00,access
194,65,17,1,7722.00,7722.00,4290.00,access
195,65,31,1,7722.00,7722.00,4290.00,access
196,66,7,1,8100.00,8100.00,4500.00,access
197,66,24,1,7722.00,7722.00,4290.00,access
198,66,38,1,9828.00,9828.00,5460.00,access
199,67,118,1,0.00,0.00,0.00,access
200,67,15,2,7560.00,15120.00,4200.00,access
201,67,29,1,7254.00,7254.00,4030.00,access
202,68,5,2,7560.00,15120.00,4200.00,access
203,68,22,1,7254.00,7254.00,4030.00,access
204,68,36,1,9180.00,9180.00,5100.00,access
205,69,12,1,8100.00,8100.00,4500.00,access
206,69,29,1,7254.00,7254.00,4030.00,access
207,69,43,1,9504.00,9504.00,5280.00,access
208,70,3,1,8370.00,8370.00,4650.00,access
209,70,20,2,8424.00,16848.00,4680.00,access
210,70,34,1,8424.00,8424.00,4680.00,access
211,71,10,2,7560.00,15120.00,4200.00,access
212,71,27,1,8424.00,8424.00,4680.00,access
213,71,41,1,10800.00,10800.00,6000.00,access
214,72,17,1,7722.00,7722.00,4290.00,access
215,72,34,1,8424.00,8424.00,4680.00,access
216,72,48,1,9180.00,9180.00,5100.00,access
217,73,8,1,8370.00,8370.00,4650.00,access
218,73,25,2,7956.00,15912.00,4420.00,access
219,73,39,1,10152.00,10152.00,5640.00,access
220,74,15,2,7560.00,15120.00,4200.00,access
221,74,32,1,7956.00,7956.00,4420.00,access
222,74,46,1,10476.00,10476.00,5820.00,access
223,75,22,1,7254.00,7254.00,4030.00,access
224,75,39,1,10152.00,10152.00,5640.00,access
225,75,53,1,10800.00,10800.00,6000.00,access
226,76,13,1,8370.00,8370.00,4650.00,access
227,76,30,2,7488.00,14976.00,4160.00,access
228,76,44,1,9828.00,9828.00,5460.00,access
229,77,20,2,8424.00,16848.00,4680.00,access
230,77,37,1,9504.00,9504.00,5280.00,access
231,77,51,1,10152.00,10152.00,5640.00,access
232,78,27,1,8424.00,8424.00,4680.00,access
233,78,44,1,9828.00,9828.00,5460.00,access
234,78,58,1,6912.00,6912.00,3840.00,access
235,79,18,1,7956.00,7956.00,4420.00,access
236,79,35,2,7020.00,14040.00,3900.00,access
237,79,49,1,9504.00,9504.00,5280.00,access
238,80,25,2,7956.00,15912.00,4420.00,access
239,80,42,1,9180.00,9180.00,5100.00,access
240,80,56,1,6480.00,6480.00,3600.00,access
241,81,32,1,7956.00,7956.00,4420.00,access
242,81,49,1,9504.00,9504.00,5280.00,access
243,81,63,1,7128.00,7128.00,3960.00,access
244,82,23,1,7488.00,7488.00,4160.00,access
245,82,40,2,10476.00,20952.00,5820.00,access
246,82,54,1,6912.00,6912.00,3840.00,access
247,83,30,2,7488.00,14976.00,4160.00,access
248,83,47,1,10800.00,10800.00,6000.00,access
249,83,61,1,6696.00,6696.00,3720.00,access
250,84,37,1,9504.00,9504.00,5280.00,access
251,84,54,1,6912.00,6912.00,3840.00,access
252,84,68,1,6732.00,6732.00,3740.00,access
253,85,28,1,7020.00,7020.00,3900.00,access
254,85,45,2,10152.00,20304.00,5640.00,access
255,85,59,1,7128.00,7128.00,3960.00,access
256,86,35,2,7020.00,14040.00,3900.00,access
257,86,52,1,10476.00,10476.00,5820.00,access
258,86,66,1,6336.00,6336.00,3520.00,access
259,87,42,1,9180.00,9180.00,5100.00,access
260,87,59,1,7128.00,7128.00,3960.00,access
261,87,73,1,6138.00,6138.00,3410.00,access
262,88,33,1,8190.00,8190.00,4550.00,access
263,88,50,2,9828.00,19656.00,5460.00,access
264,88,64,1,5940.00,5940.00,3300.00,access
265,89,40,2,10476.00,20952.00,5820.00,access
266,89,57,1,6696.00,6696.00,3720.00,access
267,89,71,1,7326.00,7326.00,4070.00,access
268,90,47,1,10800.00,10800.00,6000.00,access
269,90,64,1,5940.00,5940.00,3300.00,access
270,90,78,1,7128.00,7128.00,3960.00,access
271,91,38,1,9828.00,9828.00,5460.00,access
272,91,55,2,7128.00,14256.00,3960.00,access
273,91,69,1,6930.00,6930.00,3850.00,access
274,92,45,2,10152.00,20304.00,5640.00,access
275,92,62,1,6912.00,6912.00,3840.00,access
276,92,76,1,6732.00,6732.00,3740.00,access
277,93,52,1,10476.00,10476.00,5820.00,access
278,93,69,1,6930.00,6930.00,3850.00,access
279,93,83,1,6534.00,6534.00,3630.00,access
280,94,43,1,9504.00,9504.00,5280.00,access
281,94,60,2,6480.00,12960.00,3600.00,access
282,94,74,1,6336.00,6336.00,3520.00,access
283,95,50,2,9828.00,19656.00,5460.00,access
284,95,67,1,6534.00,6534.00,3630.00,access
285,95,81,1,6138.00,6138.00,3410.00,access
286,96,57,1,6696.00,6696.00,3720.00,access
287,96,74,1,6336.00,6336.00,3520.00,access
288,96,88,1,5940.00,5940.00,3300.00,access
289,97,48,1,9180.00,9180.00,5100.00,access
290,97,65,2,6138.00,12276.00,3410.00,access
291,97,79,1,7326.00,7326.00,4070.00,access
292,98,55,2,7128.00,14256.00,3960.00,access
293,98,72,1,5940.00,5940.00,3300.00,access
294,98,86,1,7128.00,7128.00,3960.00,access
295,99,62,1,6912.00,6912.00,3840.00,access
296,99,79,1,7326.00,7326.00,4070.00,access
297,99,93,1,6930.00,6930.00,3850.00,access
298,100,53,1,10800.00,10800.00,6000.00,access
299,100,70,2,7128.00,14256.00,3960.00,access
300,100,84,1,6732.00,6732.00,3740.00,access
301,101,60,2,6480.00,12960.00,3600.00,access
302,101,77,1,6930.00,6930.00,3850.00,access
303,101,91,1,6534.00,6534.00,3630.00,access
304,102,67,1,6534.00,6534.00,3630.00,access
305,102,84,1,6732.00,6732.00,3740.00,access
306,102,98,1,6336.00,6336.00,3520.00,access
307,103,58,1,6912.00,6912.00,3840.00,access
308,103,75,2,6534.00,13068.00,3630.00,access
309,103,89,1,6138.00,6138.00,3410.00,access
310,104,65,2,6138.00,12276.00,3410.00,access
311,104,82,1,6336.00,6336.00,3520.00,access
312,104,96,1,5940.00,5940.00,3300.00,access
313,105,72,1,5940.00,5940.00,3300.00,access
314,105,89,1,6138.00,6138.00,3410.00,access
315,105,103,1,5580.00,5580.00,3100.00,access
316,106,63,1,7128.00,7128.00,3960.00,access
317,106,80,2,5940.00,11880.00,3300.00,access
318,106,94,1,7128.00,7128.00,3960.00,access
319,107,70,2,7128.00,14256.00,3960.00,access
320,107,87,1,7326.00,7326.00,4070.00,access
321,107,101,1,5220.00,5220.00,2900.00,access
322,108,77,1,6930.00,6930.00,3850.00,access
323,108,94,1,7128.00,7128.00,3960.00,access
324,108,108,1,5580.00,5580.00,3100.00,access
325,109,68,1,6732.00,6732.00,3740.00,access
326,109,85,2,6930.00,13860.00,3850.00,access
327,109,99,1,6534.00,6534.00,3630.00,access
328,110,75,2,6534.00,13068.00,3630.00,access
329,110,92,1,6732.00,6732.00,3740.00,access
330,110,106,1,5220.00,5220.00,2900.00,access
331,111,82,1,6336.00,6336.00,3520.00,access
332,111,99,1,6534.00,6534.00,3630.00,access
333,111,113,1,0.00,0.00,0.00,access
334,112,73,1,6138.00,6138.00,3410.00,access
335,112,90,2,6336.00,12672.00,3520.00,access
336,112,104,1,5760.00,5760.00,3200.00,access
337,113,80,2,5940.00,11880.00,3300.00,access
338,113,97,1,6138.00,6138.00,3410.00,access
339,113,111,1,0.00,0.00,0.00,access
340,114,87,1,7326.00,7326.00,4070.00,access
341,114,104,1,5760.00,5760.00,3200.00,access
342,114,118,1,0.00,0.00,0.00,access
343,115,78,1,7128.00,7128.00,3960.00,access
344,115,95,2,7326.00,14652.00,4070.00,access
345,115,109,1,5760.00,5760.00,3200.00,access
346,116,85,2,6930.00,13860.00,3850.00,access
347,116,102,1,5400.00,5400.00,3000.00,access
348,116,116,1,0.00,0.00,0.00,access
349,117,92,1,6732.00,6732.00,3740.00,access
350,117,109,1,5760.00,5760.00,3200.00,access
351,117,3,1,8370.00,8370.00,4650.00,access
352,118,83,1,6534.00,6534.00,3630.00,access
353,118,100,2,6732.00,13464.00,3740.00,access
354,118,114,1,0.00,0.00,0.00,access
355,119,90,2,6336.00,12672.00,3520.00,access
356,119,107,1,5400.00,5400.00,3000.00,access
357,119,1,1,7830.00,7830.00,4350.00,access
358,120,97,1,6138.00,6138.00,3410.00,access
359,120,114,1,0.00,0.00,0.00,access
360,120,8,1,0.00,0.00,4650.00,access
361,121,88,1,5940.00,5940.00,3300.00,access
362,121,105,2,5040.00,10080.00,2800.00,access
363,121,119,1,0.00,0.00,0.00,access
364,122,95,2,7326.00,14652.00,4070.00,access
365,122,112,1,0.00,0.00,0.00,access
366,122,6,1,7830.00,7830.00,4350.00,access
367,123,102,1,5400.00,5400.00,3000.00,access
368,123,119,1,0.00,0.00,0.00,access
369,123,13,1,8370.00,8370.00,4650.00,access
370,124,93,1,6930.00,6930.00,3850.00,access
371,124,110,2,5040.00,10080.00,2800.00,access
372,124,4,1,8640.00,8640.00,4800.00,access
373,125,100,2,6732.00,13464.00,3740.00,access
374,125,117,1,0.00,0.00,0.00,access
375,125,11,1,7830.00,7830.00,4350.00,access
376,126,107,1,5400.00,5400.00,3000.00,access
377,126,4,1,8640.00,8640.00,4800.00,access
378,126,18,1,7956.00,7956.00,4420.00,access
379,127,98,1,6336.00,6336.00,3520.00,access
380,127,115,2,0.00,0.00,0.00,access
381,127,9,1,8640.00,8640.00,4800.00,access
382,128,105,2,5040.00,10080.00,2800.00,access
383,128,2,1,8100.00,8100.00,4500.00,access
384,128,16,1,7488.00,7488.00,4160.00,access
385,129,112,1,0.00,0.00,0.00,access
386,129,9,1,8640.00,8640.00,4800.00,access
387,129,23,1,7488.00,7488.00,4160.00,access
388,130,103,1,5580.00,5580.00,3100.00,access
389,130,120,2,0.00,0.00,0.00,access
390,130,14,1,8640.00,8640.00,4800.00,access
391,131,110,2,5040.00,10080.00,2800.00,access
392,131,7,1,8100.00,8100.00,4500.00,access
393,131,21,1,7020.00,7020.00,3900.00,access
394,132,117,1,0.00,0.00,0.00,access
395,132,14,1,8640.00,8640.00,4800.00,access
396,132,28,1,7020.00,7020.00,3900.00,access
397,133,108,1,5580.00,5580.00,3100.00,access
398,133,5,2,7560.00,15120.00,4200.00,access
399,133,19,1,8190.00,8190.00,4550.00,access
400,134,115,2,0.00,0.00,0.00,access
401,134,12,1,8100.00,8100.00,4500.00,access
402,134,26,1,8190.00,8190.00,4550.00,access
403,135,2,1,8100.00,8100.00,4500.00,access
404,135,19,1,8190.00,8190.00,4550.00,access
405,135,33,1,8190.00,8190.00,4550.00,access
406,136,113,1,0.00,0.00,0.00,access
407,136,10,2,7560.00,15120.00,4200.00,access
408,136,24,1,7722.00,7722.00,4290.00,access
409,137,120,2,0.00,0.00,0.00,access
410,137,17,1,7722.00,7722.00,4290.00,access
411,137,31,1,7722.00,7722.00,4290.00,access
412,138,7,1,8100.00,8100.00,4500.00,access
413,138,24,1,7722.00,7722.00,4290.00,access
414,138,38,1,9828.00,9828.00,5460.00,access
415,139,118,1,0.00,0.00,0.00,access
416,139,15,2,7560.00,15120.00,4200.00,access
417,139,29,1,7254.00,7254.00,4030.00,access
418,140,5,2,7560.00,15120.00,4200.00,access
419,140,22,1,7254.00,7254.00,4030.00,access
420,140,36,1,9180.00,9180.00,5100.00,access
421,141,12,1,8100.00,8100.00,4500.00,access
422,141,29,1,7254.00,7254.00,4030.00,access
423,141,43,1,9504.00,9504.00,5280.00,access
424,142,3,1,8370.00,8370.00,4650.00,access
425,142,20,2,8424.00,16848.00,4680.00,access
426,142,34,1,8424.00,8424.00,4680.00,access
427,143,10,2,7560.00,15120.00,4200.00,access
428,143,27,1,8424.00,8424.00,4680.00,access
429,143,41,1,10800.00,10800.00,6000.00,access
430,144,17,1,7722.00,7722.00,4290.00,access
431,144,34,1,8424.00,8424.00,4680.00,access
432,144,48,1,9180.00,9180.00,5100.00,access
433,145,8,1,8370.00,8370.00,4650.00,access
434,145,25,2,7956.00,15912.00,4420.00,access
435,145,39,1,10152.00,10152.00,5640.00,access
436,146,15,2,7560.00,15120.00,4200.00,access
437,146,32,1,7956.00,7956.00,4420.00,access
438,146,46,1,10476.00,10476.00,5820.00,access
439,147,22,1,7254.00,7254.00,4030.00,access
440,147,39,1,10152.00,10152.00,5640.00,access
441,147,53,1,10800.00,10800.00,6000.00,access
442,148,13,1,8370.00,8370.00,4650.00,access
443,148,30,2,7488.00,14976.00,4160.00,access
444,148,44,1,9828.00,9828.00,5460.00,access
445,149,20,2,8424.00,16848.00,4680.00,access
446,149,37,1,9504.00,9504.00,5280.00,access
447,149,51,1,10152.00,10152.00,5640.00,access
448,150,27,1,8424.00,8424.00,4680.00,access
449,150,44,1,9828.00,9828.00,5460.00,access
450,150,58,1,6912.00,6912.00,3840.00,access
451,151,18,1,7956.00,7956.00,4420.00,access
452,151,35,2,7020.00,14040.00,3900.00,access
453,151,49,1,9504.00,9504.00,5280.00,access
454,152,25,2,7956.00,15912.00,4420.00,access
455,152,42,1,9180.00,9180.00,5100.00,access
456,152,56,1,6480.00,6480.00,3600.00,access
457,153,32,1,7956.00,7956.00,4420.00,access
458,153,49,1,9504.00,9504.00,5280.00,access
459,153,63,1,7128.00,7128.00,3960.00,access
460,154,23,1,7488.00,7488.00,4160.00,access
461,154,40,2,10476.00,20952.00,5820.00,access
462,154,54,1,6912.00,6912.00,3840.00,access
463,155,30,2,7488.00,14976.00,4160.00,access
464,155,47,1,10800.00,10800.00,6000.00,access
465,155,61,1,6696.00,6696.00,3720.00,access
466,156,37,1,9504.00,9504.00,5280.00,access
467,156,54,1,6912.00,6912.00,3840.00,access
468,156,68,1,6732.00,6732.00,3740.00,access
469,157,28,1,7020.00,7020.00,3900.00,access
470,157,45,2,10152.00,20304.00,5640.00,access
471,157,59,1,7128.00,7128.00,3960.00,access
472,158,35,2,7020.00,14040.00,3900.00,access
473,158,52,1,10476.00,10476.00,5820.00,access
474,158,66,1,6336.00,6336.00,3520.00,access
475,159,42,1,9180.00,9180.00,5100.00,access
476,159,59,1,7128.00,7128.00,3960.00,access
477,159,73,1,6138.00,6138.00,3410.00,access
478,160,33,1,8190.00,8190.00,4550.00,access
479,160,50,2,9828.00,19656.00,5460.00,access
480,160,64,1,5940.00,5940.00,3300.00,access
481,161,40,2,10476.00,20952.00,5820.00,access
482,161,57,1,6696.00,6696.00,3720.00,access
483,161,71,1,7326.00,7326.00,4070.00,access
484,162,47,1,10800.00,10800.00,6000.00,access
485,162,64,1,5940.00,5940.00,3300.00,access
486,162,78,1,7128.00,7128.00,3960.00,access
487,163,38,1,9828.00,9828.00,5460.00,access
488,163,55,2,7128.00,14256.00,3960.00,access
489,163,69,1,6930.00,6930.00,3850.00,access
490,164,45,2,10152.00,20304.00,5640.00,access
491,164,62,1,6912.00,6912.00,3840.00,access
492,164,76,1,6732.00,6732.00,3740.00,access
493,165,52,1,10476.00,10476.00,5820.00,access
494,165,69,1,6930.00,6930.00,3850.00,access
495,165,83,1,6534.00,6534.00,3630.00,access
496,166,43,1,9504.00,9504.00,5280.00,access
497,166,60,2,6480.00,12960.00,3600.00,access
498,166,74,1,6336.00,6336.00,3520.00,access
499,167,50,2,9828.00,19656.00,5460.00,access
500,167,67,1,6534.00,6534.00,3630.00,access
501,167,81,1,6138.00,6138.00,3410.00,access
502,168,57,1,6696.00,6696.00,3720.00,access
503,168,74,1,6336.00,6336.00,3520.00,access
504,168,88,1,5940.00,5940.00,3300.00,access
505,169,48,1,9180.00,9180.00,5100.00,access
506,169,65,2,6138.00,12276.00,3410.00,access
507,169,79,1,7326.00,7326.00,4070.00,access
508,170,55,2,7128.00,14256.00,3960.00,access
509,170,72,1,5940.00,5940.00,3300.00,access
510,170,86,1,7128.00,7128.00,3960.00,access
511,171,62,1,6912.00,6912.00,3840.00,access
512,171,79,1,7326.00,7326.00,4070.00,access
513,171,93,1,6930.00,6930.00,3850.00,access
514,172,53,1,10800.00,10800.00,6000.00,access
515,172,70,2,7128.00,14256.00,3960.00,access
516,172,84,1,6732.00,6732.00,3740.00,access
517,173,60,2,6480.00,12960.00,3600.00,access
518,173,77,1,6930.00,6930.00,3850.00,access
519,173,91,1,6534.00,6534.00,3630.00,access
520,174,67,1,6534.00,6534.00,3630.00,access
521,174,84,1,6732.00,6732.00,3740.00,access
522,174,98,1,6336.00,6336.00,3520.00,access
523,175,58,1,6912.00,6912.00,3840.00,access
524,175,75,2,6534.00,13068.00,3630.00,access
525,175,89,1,6138.00,6138.00,3410.00,access
526,176,65,2,6138.00,12276.00,3410.00,access
527,176,82,1,6336.00,6336.00,3520.00,access
528,176,96,1,5940.00,5940.00,3300.00,access
529,177,72,1,5940.00,5940.00,3300.00,access
530,177,89,1,6138.00,6138.00,3410.00,access
531,177,103,1,5580.00,5580.00,3100.00,access
532,178,63,1,7128.00,7128.00,3960.00,access
533,178,80,2,5940.00,11880.00,3300.00,access
534,178,94,1,7128.00,7128.00,3960.00,access
535,179,70,2,7128.00,14256.00,3960.00,access
536,179,87,1,7326.00,7326.00,4070.00,access
537,179,101,1,5220.00,5220.00,2900.00,access
538,180,77,1,6930.00,6930.00,3850.00,access
539,180,94,1,7128.00,7128.00,3960.00,access
540,180,108,1,0.00,0.00,3100.00,access
541,181,68,1,6732.00,6732.00,3740.00,access
542,181,85,2,6930.00,13860.00,3850.00,access
543,181,99,1,6534.00,6534.00,3630.00,access
544,182,75,2,6534.00,13068.00,3630.00,access
545,182,92,1,6732.00,6732.00,3740.00,access
546,182,106,1,5220.00,5220.00,2900.00,access
547,183,82,1,6336.00,6336.00,3520.00,access
548,183,99,1,6534.00,6534.00,3630.00,access
549,183,113,1,0.00,0.00,0.00,access
550,184,73,1,6138.00,6138.00,3410.00,access
551,184,90,2,6336.00,12672.00,3520.00,access
552,184,104,1,5760.00,5760.00,3200.00,access
553,185,80,2,5940.00,11880.00,3300.00,access
554,185,97,1,6138.00,6138.00,3410.00,access
555,185,111,1,0.00,0.00,0.00,access
556,186,87,1,7326.00,7326.00,4070.00,access
557,186,104,1,5760.00,5760.00,3200.00,access
558,186,118,1,0.00,0.00,0.00,access
559,187,78,1,7128.00,7128.00,3960.00,access
560,187,95,2,7326.00,14652.00,4070.00,access
561,187,109,1,5760.00,5760.00,3200.00,access
562,188,85,2,6930.00,13860.00,3850.00,access
563,188,102,1,5400.00,5400.00,3000.00,access
564,188,116,1,0.00,0.00,0.00,access
565,189,92,1,6732.00,6732.00,3740.00,access
566,189,109,1,5760.00,5760.00,3200.00,access
567,189,3,1,8370.00,8370.00,4650.00,access
568,190,83,1,6534.00,6534.00,3630.00,access
569,190,100,2,6732.00,13464.00,3740.00,access
570,190,114,1,0.00,0.00,0.00,access
571,191,90,2,6336.00,12672.00,3520.00,access
572,191,107,1,5400.00,5400.00,3000.00,access
573,191,1,1,7830.00,7830.00,4350.00,access
574,192,97,1,6138.00,6138.00,3410.00,access
575,192,114,1,0.00,0.00,0.00,access
576,192,8,1,8370.00,8370.00,4650.00,access
577,193,88,1,5940.00,5940.00,3300.00,access
578,193,105,2,5040.00,10080.00,2800.00,access
579,193,119,1,0.00,0.00,0.00,access
580,194,95,2,7326.00,14652.00,4070.00,access
581,194,112,1,0.00,0.00,0.00,access
582,194,6,1,7830.00,7830.00,4350.00,access
583,195,102,1,5400.00,5400.00,3000.00,access
584,195,119,1,0.00,0.00,0.00,access
585,195,13,1,8370.00,8370.00,4650.00,access
586,196,93,1,6930.00,6930.00,3850.00,access
587,196,110,2,5040.00,10080.00,2800.00,access
588,196,4,1,8640.00,8640.00,4800.00,access
589,197,100,2,6732.00,13464.00,3740.00,access
590,197,117,1,0.00,0.00,0.00,access
591,197,11,1,7830.00,7830.00,4350.00,access
592,198,107,1,5400.00,5400.00,3000.00,access
593,198,4,1,8640.00,8640.00,4800.00,access
594,198,18,1,7956.00,7956.00,4420.00,access
595,199,98,1,6336.00,6336.00,3520.00,access
596,199,115,2,0.00,0.00,0.00,access
597,199,9,1,8640.00,8640.00,4800.00,access
598,200,105,2,5040.00,10080.00,2800.00,access
599,200,2,1,8100.00,8100.00,4500.00,access
600,200,16,1,7488.00,7488.00,4160.00,access
601,201,112,1,0.00,0.00,0.00,access
602,201,9,1,8640.00,8640.00,4800.00,access
603,201,23,1,7488.00,7488.00,4160.00,access
604,202,103,1,5580.00,5580.00,3100.00,access
605,202,120,2,0.00,0.00,0.00,access
606,202,14,1,8640.00,8640.00,4800.00,access
607,203,110,2,5040.00,10080.00,2800.00,access
608,203,7,1,8100.00,8100.00,4500.00,access
609,203,21,1,7020.00,7020.00,3900.00,access
610,204,117,1,0.00,0.00,0.00,access
611,204,14,1,8640.00,8640.00,4800.00,access
612,204,28,1,7020.00,7020.00,3900.00,access
613,205,108,1,5580.00,5580.00,3100.00,access
614,205,5,2,7560.00,15120.00,4200.00,access
615,205,19,1,8190.00,8190.00,4550.00,access
616,206,115,2,0.00,0.00,0.00,access
617,206,12,1,8100.00,8100.00,4500.00,access
618,206,26,1,8190.00,8190.00,4550.00,access
619,207,2,1,8100.00,8100.00,4500.00,access
620,207,19,1,8190.00,8190.00,4550.00,access
621,207,33,1,8190.00,8190.00,4550.00,access
622,208,113,1,0.00,0.00,0.00,access
623,208,10,2,7560.00,15120.00,4200.00,access
624,208,24,1,7722.00,7722.00,4290.00,access
625,209,120,2,0.00,0.00,0.00,access
626,209,17,1,7722.00,7722.00,4290.00,access
627,209,31,1,7722.00,7722.00,4290.00,access
628,210,7,1,8100.00,8100.00,4500.00,access
629,210,24,1,7722.00,7722.00,4290.00,access
630,210,38,1,9828.00,9828.00,5460.00,access
631,211,118,1,0.00,0.00,0.00,access
632,211,15,2,7560.00,15120.00,4200.00,access
633,211,29,1,7254.00,7254.00,4030.00,access
634,212,5,2,7560.00,15120.00,4200.00,access
635,212,22,1,7254.00,7254.00,4030.00,access
636,212,36,1,9180.00,9180.00,5100.00,access
637,213,12,1,8100.00,8100.00,4500.00,access
638,213,29,1,7254.00,7254.00,4030.00,access
639,213,43,1,9504.00,9504.00,5280.00,access
640,214,3,1,8370.00,8370.00,4650.00,access
641,214,20,2,8424.00,16848.00,4680.00,access
642,214,34,1,8424.00,8424.00,4680.00,access
643,215,10,2,7560.00,15120.00,4200.00,access
644,215,27,1,8424.00,8424.00,4680.00,access
645,215,41,1,10800.00,10800.00,6000.00,access
646,216,17,1,7722.00,7722.00,4290.00,access
647,216,34,1,8424.00,8424.00,4680.00,access
648,216,48,1,9180.00,9180.00,5100.00,access
649,217,8,1,8370.00,8370.00,4650.00,access
650,217,25,2,7956.00,15912.00,4420.00,access
651,217,39,1,10152.00,10152.00,5640.00,access
652,218,15,2,7560.00,15120.00,4200.00,access
653,218,32,1,7956.00,7956.00,4420.00,access
654,218,46,1,10476.00,10476.00,5820.00,access
655,219,22,1,7254.00,7254.00,4030.00,access
656,219,39,1,10152.00,10152.00,5640.00,access
657,219,53,1,10800.00,10800.00,6000.00,access
658,220,13,1,8370.00,8370.00,4650.00,access
659,220,30,2,7488.00,14976.00,4160.00,access
660,220,44,1,9828.00,9828.00,5460.00,access
661,221,20,2,8424.00,16848.00,4680.00,access
662,221,37,1,9504.00,9504.00,5280.00,access
663,221,51,1,10152.00,10152.00,5640.00,access
664,222,27,1,8424.00,8424.00,4680.00,access
665,222,44,1,9828.00,9828.00,5460.00,access
666,222,58,1,6912.00,6912.00,3840.00,access
667,223,18,1,7956.00,7956.00,4420.00,access
668,223,35,2,7020.00,14040.00,3900.00,access
669,223,49,1,9504.00,9504.00,5280.00,access
670,224,25,2,7956.00,15912.00,4420.00,access
671,224,42,1,9180.00,9180.00,5100.00,access
672,224,56,1,6480.00,6480.00,3600.00,access
673,225,32,1,7956.00,7956.00,4420.00,access
674,225,49,1,9504.00,9504.00,5280.00,access
675,225,63,1,7128.00,7128.00,3960.00,access
676,226,23,1,7488.00,7488.00,4160.00,access
677,226,40,2,10476.00,20952.00,5820.00,access
678,226,54,1,6912.00,6912.00,3840.00,access
679,227,30,2,7488.00,14976.00,4160.00,access
680,227,47,1,10800.00,10800.00,6000.00,access
681,227,61,1,6696.00,6696.00,3720.00,access
682,228,37,1,9504.00,9504.00,5280.00,access
683,228,54,1,6912.00,6912.00,3840.00,access
684,228,68,1,6732.00,6732.00,3740.00,access
685,229,28,1,7020.00,7020.00,3900.00,access
686,229,45,2,10152.00,20304.00,5640.00,access
687,229,59,1,7128.00,7128.00,3960.00,access
688,230,35,2,7020.00,14040.00,3900.00,access
689,230,52,1,10476.00,10476.00,5820.00,access
690,230,66,1,6336.00,6336.00,3520.00,access
691,231,42,1,9180.00,9180.00,5100.00,access
692,231,59,1,7128.00,7128.00,3960.00,access
693,231,73,1,6138.00,6138.00,3410.00,access
694,232,33,1,8190.00,8190.00,4550.00,access
695,232,50,2,9828.00,19656.00,5460.00,access
696,232,64,1,5940.00,5940.00,3300.00,access
697,233,40,2,10476.00,20952.00,5820.00,access
698,233,57,1,6696.00,6696.00,3720.00,access
699,233,71,1,7326.00,7326.00,4070.00,access
700,234,47,1,10800.00,10800.00,6000.00,access
701,234,64,1,5940.00,5940.00,3300.00,access
702,234,78,1,7128.00,7128.00,3960.00,access
703,235,38,1,9828.00,9828.00,5460.00,access
704,235,55,2,7128.00,14256.00,3960.00,access
705,235,69,1,6930.00,6930.00,3850.00,access
706,236,45,2,10152.00,20304.00,5640.00,access
707,236,62,1,6912.00,6912.00,3840.00,access
708,236,76,1,6732.00,6732.00,3740.00,access
709,237,52,1,10476.00,10476.00,5820.00,access
710,237,69,1,6930.00,6930.00,3850.00,access
711,237,83,1,6534.00,6534.00,3630.00,access
712,238,43,1,9504.00,9504.00,5280.00,access
713,238,60,2,6480.00,12960.00,3600.00,access
714,238,74,1,6336.00,6336.00,3520.00,access
715,239,50,2,9828.00,19656.00,5460.00,access
716,239,67,1,6534.00,6534.00,3630.00,access
717,239,81,1,6138.00,6138.00,3410.00,access
718,240,57,1,6696.00,6696.00,3720.00,access
719,240,74,1,6336.00,6336.00,3520.00,access
720,240,88,1,0.00,0.00,3300.00,access
721,241,48,1,9180.00,9180.00,5100.00,access
722,241,65,2,6138.00,12276.00,3410.00,access
723,241,79,1,7326.00,7326.00,4070.00,access
724,242,55,2,7128.00,14256.00,3960.00,access
725,242,72,1,5940.00,5940.00,3300.00,access
726,242,86,1,7128.00,7128.00,3960.00,access
727,243,62,1,6912.00,6912.00,3840.00,access
728,243,79,1,7326.00,7326.00,4070.00,access
729,243,93,1,6930.00,6930.00,3850.00,access
730,244,53,1,10800.00,10800.00,6000.00,access
731,244,70,2,7128.00,14256.00,3960.00,access
732,244,84,1,6732.00,6732.00,3740.00,access
733,245,60,2,6480.00,12960.00,3600.00,access
734,245,77,1,6930.00,6930.00,3850.00,access
735,245,91,1,6534.00,6534.00,3630.00,access
736,246,67,1,6534.00,6534.00,3630.00,access
737,246,84,1,6732.00,6732.00,3740.00,access
738,246,98,1,6336.00,6336.00,3520.00,access
739,247,58,1,6912.00,6912.00,3840.00,access
740,247,75,2,6534.00,13068.00,3630.00,access
741,247,89,1,6138.00,6138.00,3410.00,access
742,248,65,2,6138.00,12276.00,3410.00,access
743,248,82,1,6336.00,6336.00,3520.00,access
744,248,96,1,5940.00,5940.00,3300.00,access
745,249,72,1,5940.00,5940.00,3300.00,access
746,249,89,1,6138.00,6138.00,3410.00,access
747,249,103,1,5580.00,5580.00,3100.00,access
748,250,63,1,7128.00,7128.00,3960.00,access
749,250,80,2,5940.00,11880.00,3300.00,access
750,250,94,1,7128.00,7128.00,3960.00,access
751,251,70,2,7128.00,14256.00,3960.00,access
752,251,87,1,7326.00,7326.00,4070.00,access
753,251,101,1,5220.00,5220.00,2900.00,access
754,252,77,1,6930.00,6930.00,3850.00,access
755,252,94,1,7128.00,7128.00,3960.00,access
756,252,108,1,5580.00,5580.00,3100.00,access
757,253,68,1,6732.00,6732.00,3740.00,access
758,253,85,2,6930.00,13860.00,3850.00,access
759,253,99,1,6534.00,6534.00,3630.00,access
760,254,75,2,6534.00,13068.00,3630.00,access
761,254,92,1,6732.00,6732.00,3740.00,access
762,254,106,1,5220.00,5220.00,2900.00,access
763,255,82,1,6336.00,6336.00,3520.00,access
764,255,99,1,6534.00,6534.00,3630.00,access
765,255,113,1,0.00,0.00,0.00,access
766,256,73,1,6138.00,6138.00,3410.00,access
767,256,90,2,6336.00,12672.00,3520.00,access
768,256,104,1,5760.00,5760.00,3200.00,access
769,257,80,2,5940.00,11880.00,3300.00,access
770,257,97,1,6138.00,6138.00,3410.00,access
771,257,111,1,0.00,0.00,0.00,access
772,258,87,1,7326.00,7326.00,4070.00,access
773,258,104,1,5760.00,5760.00,3200.00,access
774,258,118,1,0.00,0.00,0.00,access
775,259,78,1,7128.00,7128.00,3960.00,access
776,259,95,2,7326.00,14652.00,4070.00,access
777,259,109,1,5760.00,5760.00,3200.00,access
778,260,85,2,6930.00,13860.00,3850.00,access
779,260,102,1,5400.00,5400.00,3000.00,access
780,260,116,1,0.00,0.00,0.00,access
781,261,92,1,6732.00,6732.00,3740.00,access
782,261,109,1,5760.00,5760.00,3200.00,access
783,261,3,1,8370.00,8370.00,4650.00,access
784,262,83,1,6534.00,6534.00,3630.00,access
785,262,100,2,6732.00,13464.00,3740.00,access
786,262,114,1,0.00,0.00,0.00,access
787,263,90,2,6336.00,12672.00,3520.00,access
788,263,107,1,5400.00,5400.00,3000.00,access
789,263,1,1,7830.00,7830.00,4350.00,access
790,264,97,1,6138.00,6138.00,3410.00,access
791,264,114,1,0.00,0.00,0.00,access
792,264,8,1,8370.00,8370.00,4650.00,access
793,265,88,1,5940.00,5940.00,3300.00,access
794,265,105,2,5040.00,10080.00,2800.00,access
795,265,119,1,0.00,0.00,0.00,access
796,266,95,2,7326.00,14652.00,4070.00,access
797,266,112,1,0.00,0.00,0.00,access
798,266,6,1,7830.00,7830.00,4350.00,access
799,267,102,1,5400.00,5400.00,3000.00,access
800,267,119,1,0.00,0.00,0.00,access
801,267,13,1,8370.00,8370.00,4650.00,access
802,268,93,1,6930.00,6930.00,3850.00,access
803,268,110,2,5040.00,10080.00,2800.00,access
804,268,4,1,8640.00,8640.00,4800.00,access
805,269,100,2,6732.00,13464.00,3740.00,access
806,269,117,1,0.00,0.00,0.00,access
807,269,11,1,7830.00,7830.00,4350.00,access
808,270,107,1,5400.00,5400.00,3000.00,access
809,270,4,1,8640.00,8640.00,4800.00,access
810,270,18,1,7956.00,7956.00,4420.00,access
811,271,98,1,6336.00,6336.00,3520.00,access
812,271,115,2,0.00,0.00,0.00,access
813,271,9,1,8640.00,8640.00,4800.00,access
814,272,105,2,5040.00,10080.00,2800.00,access
815,272,2,1,8100.00,8100.00,4500.00,access
816,272,16,1,7488.00,7488.00,4160.00,access
817,273,112,1,0.00,0.00,0.00,access
818,273,9,1,8640.00,8640.00,4800.00,access
819,273,23,1,7488.00,7488.00,4160.00,access
820,274,103,1,5580.00,5580.00,3100.00,access
821,274,120,2,0.00,0.00,0.00,access
822,274,14,1,8640.00,8640.00,4800.00,access
823,275,110,2,5040.00,10080.00,2800.00,access
824,275,7,1,8100.00,8100.00,4500.00,access
825,275,21,1,7020.00,7020.00,3900.00,access
826,276,117,1,0.00,0.00,0.00,access
827,276,14,1,8640.00,8640.00,4800.00,access
828,276,28,1,7020.00,7020.00,3900.00,access
829,277,108,1,5580.00,5580.00,3100.00,access
830,277,5,2,7560.00,15120.00,4200.00,access
831,277,19,1,8190.00,8190.00,4550.00,access
832,278,115,2,0.00,0.00,0.00,access
833,278,12,1,8100.00,8100.00,4500.00,access
834,278,26,1,8190.00,8190.00,4550.00,access
835,279,2,1,8100.00,8100.00,4500.00,access
836,279,19,1,8190.00,8190.00,4550.00,access
837,279,33,1,8190.00,8190.00,4550.00,access
838,280,113,1,0.00,0.00,0.00,access
839,280,10,2,7560.00,15120.00,4200.00,access
840,280,24,1,7722.00,7722.00,4290.00,access
841,281,120,2,0.00,0.00,0.00,access
842,281,17,1,7722.00,7722.00,4290.00,access
843,281,31,1,7722.00,7722.00,4290.00,access
844,282,7,1,8100.00,8100.00,4500.00,access
845,282,24,1,7722.00,7722.00,4290.00,access
846,282,38,1,9828.00,9828.00,5460.00,access
847,283,118,1,0.00,0.00,0.00,access
848,283,15,2,7560.00,15120.00,4200.00,access
849,283,29,1,7254.00,7254.00,4030.00,access
850,284,5,2,7560.00,15120.00,4200.00,access
851,284,22,1,7254.00,7254.00,4030.00,access
852,284,36,1,9180.00,9180.00,5100.00,access
853,285,12,1,8100.00,8100.00,4500.00,access
854,285,29,1,7254.00,7254.00,4030.00,access
855,285,43,1,9504.00,9504.00,5280.00,access
856,286,3,1,8370.00,8370.00,4650.00,access
857,286,20,2,8424.00,16848.00,4680.00,access
858,286,34,1,8424.00,8424.00,4680.00,access
859,287,10,2,7560.00,15120.00,4200.00,access
860,287,27,1,8424.00,8424.00,4680.00,access
861,287,41,1,10800.00,10800.00,6000.00,access
862,288,17,1,7722.00,7722.00,4290.00,access
863,288,34,1,8424.00,8424.00,4680.00,access
864,288,48,1,9180.00,9180.00,5100.00,access
865,289,8,1,8370.00,8370.00,4650.00,access
866,289,25,2,7956.00,15912.00,4420.00,access
867,289,39,1,10152.00,10152.00,5640.00,access
868,290,15,2,7560.00,15120.00,4200.00,access
869,290,32,1,7956.00,7956.00,4420.00,access
870,290,46,1,10476.00,10476.00,5820.00,access
871,291,22,1,7254.00,7254.00,4030.00,access
872,291,39,1,10152.00,10152.00,5640.00,access
873,291,53,1,10800.00,10800.00,6000.00,access
874,292,13,1,8370.00,8370.00,4650.00,access
875,292,30,2,7488.00,14976.00,4160.00,access
876,292,44,1,9828.00,9828.00,5460.00,access
877,293,20,2,8424.00,16848.00,4680.00,access
878,293,37,1,9504.00,9504.00,5280.00,access
879,293,51,1,10152.00,10152.00,5640.00,access
880,294,27,1,8424.00,8424.00,4680.00,access
881,294,44,1,9828.00,9828.00,5460.00,access
882,294,58,1,6912.00,6912.00,3840.00,access
883,295,18,1,7956.00,7956.00,4420.00,access
884,295,35,2,7020.00,14040.00,3900.00,access
885,295,49,1,9504.00,9504.00,5280.00,access
886,296,25,2,7956.00,15912.00,4420.00,access
887,296,42,1,9180.00,9180.00,5100.00,access
888,296,56,1,6480.00,6480.00,3600.00,access
889,297,32,1,7956.00,7956.00,4420.00,access
890,297,49,1,9504.00,9504.00,5280.00,access
891,297,63,1,7128.00,7128.00,3960.00,access
892,298,23,1,7488.00,7488.00,4160.00,access
893,298,40,2,10476.00,20952.00,5820.00,access
894,298,54,1,6912.00,6912.00,3840.00,access
895,299,30,2,7488.00,14976.00,4160.00,access
896,299,47,1,10800.00,10800.00,6000.00,access
897,299,61,1,6696.00,6696.00,3720.00,access
898,300,37,1,9504.00,9504.00,5280.00,access
899,300,54,1,6912.00,6912.00,3840.00,access
900,300,68,1,0.00,0.00,3740.00,access
901,301,28,1,7020.00,7020.00,3900.00,access
902,301,45,2,10152.00,20304.00,5640.00,access
903,301,59,1,7128.00,7128.00,3960.00,access
904,302,35,2,7020.00,14040.00,3900.00,access
905,302,52,1,10476.00,10476.00,5820.00,access
906,302,66,1,6336.00,6336.00,3520.00,access
907,303,42,1,9180.00,9180.00,5100.00,access
908,303,59,1,7128.00,7128.00,3960.00,access
909,303,73,1,6138.00,6138.00,3410.00,access
910,304,33,1,8190.00,8190.00,4550.00,access
911,304,50,2,9828.00,19656.00,5460.00,access
912,304,64,1,5940.00,5940.00,3300.00,access
913,305,40,2,10476.00,20952.00,5820.00,access
914,305,57,1,6696.00,6696.00,3720.00,access
915,305,71,1,7326.00,7326.00,4070.00,access
916,306,47,1,10800.00,10800.00,6000.00,access
917,306,64,1,5940.00,5940.00,3300.00,access
918,306,78,1,7128.00,7128.00,3960.00,access
919,307,38,1,9828.00,9828.00,5460.00,access
920,307,55,2,7128.00,14256.00,3960.00,access
921,307,69,1,6930.00,6930.00,3850.00,access
922,308,45,2,10152.00,20304.00,5640.00,access
923,308,62,1,6912.00,6912.00,3840.00,access
924,308,76,1,6732.00,6732.00,3740.00,access
925,309,52,1,10476.00,10476.00,5820.00,access
926,309,69,1,6930.00,6930.00,3850.00,access
927,309,83,1,6534.00,6534.00,3630.00,access
928,310,43,1,9504.00,9504.00,5280.00,access
929,310,60,2,6480.00,12960.00,3600.00,access
930,310,74,1,6336.00,6336.00,3520.00,access
931,311,50,2,9828.00,19656.00,5460.00,access
932,311,67,1,6534.00,6534.00,3630.00,access
933,311,81,1,6138.00,6138.00,3410.00,access
934,312,57,1,6696.00,6696.00,3720.00,access
935,312,74,1,6336.00,6336.00,3520.00,access
936,312,88,1,5940.00,5940.00,3300.00,access
937,313,48,1,9180.00,9180.00,5100.00,access
938,313,65,2,6138.00,12276.00,3410.00,access
939,313,79,1,7326.00,7326.00,4070.00,access
940,314,55,2,7128.00,14256.00,3960.00,access
941,314,72,1,5940.00,5940.00,3300.00,access
942,314,86,1,7128.00,7128.00,3960.00,access
943,315,62,1,6912.00,6912.00,3840.00,access
944,315,79,1,7326.00,7326.00,4070.00,access
945,315,93,1,6930.00,6930.00,3850.00,access
946,316,53,1,10800.00,10800.00,6000.00,access
947,316,70,2,7128.00,14256.00,3960.00,access
948,316,84,1,6732.00,6732.00,3740.00,access
949,317,60,2,6480.00,12960.00,3600.00,access
950,317,77,1,6930.00,6930.00,3850.00,access
951,317,91,1,6534.00,6534.00,3630.00,access
952,318,67,1,6534.00,6534.00,3630.00,access
953,318,84,1,6732.00,6732.00,3740.00,access
954,318,98,1,6336.00,6336.00,3520.00,access
955,319,58,1,6912.00,6912.00,3840.00,access
956,319,75,2,6534.00,13068.00,3630.00,access
957,319,89,1,6138.00,6138.00,3410.00,access
958,320,65,2,6138.00,12276.00,3410.00,access
959,320,82,1,6336.00,6336.00,3520.00,access
960,320,96,1,5940.00,5940.00,3300.00,access
961,321,72,1,5940.00,5940.00,3300.00,access
962,321,89,1,6138.00,6138.00,3410.00,access
963,321,103,1,5580.00,5580.00,3100.00,access
964,322,63,1,7128.00,7128.00,3960.00,access
965,322,80,2,5940.00,11880.00,3300.00,access
966,322,94,1,7128.00,7128.00,3960.00,access
967,323,70,2,7128.00,14256.00,3960.00,access
968,323,87,1,7326.00,7326.00,4070.00,access
969,323,101,1,5220.00,5220.00,2900.00,access
970,324,77,1,6930.00,6930.00,3850.00,access
971,324,94,1,7128.00,7128.00,3960.00,access
972,324,108,1,5580.00,5580.00,3100.00,access
973,325,68,1,6732.00,6732.00,3740.00,access
974,325,85,2,6930.00,13860.00,3850.00,access
975,325,99,1,6534.00,6534.00,3630.00,access
976,326,75,2,6534.00,13068.00,3630.00,access
977,326,92,1,6732.00,6732.00,3740.00,access
978,326,106,1,5220.00,5220.00,2900.00,access
979,327,82,1,6336.00,6336.00,3520.00,access
980,327,99,1,6534.00,6534.00,3630.00,access
981,327,113,1,0.00,0.00,0.00,access
982,328,73,1,6138.00,6138.00,3410.00,access
983,328,90,2,6336.00,12672.00,3520.00,access
984,328,104,1,5760.00,5760.00,3200.00,access
985,329,80,2,5940.00,11880.00,3300.00,access
986,329,97,1,6138.00,6138.00,3410.00,access
987,329,111,1,0.00,0.00,0.00,access
988,330,87,1,7326.00,7326.00,4070.00,access
989,330,104,1,5760.00,5760.00,3200.00,access
990,330,118,1,0.00,0.00,0.00,access
991,331,78,1,7128.00,7128.00,3960.00,access
992,331,95,2,7326.00,14652.00,4070.00,access
993,331,109,1,5760.00,5760.00,3200.00,access
994,332,85,2,6930.00,13860.00,3850.00,access
995,332,102,1,5400.00,5400.00,3000.00,access
996,332,116,1,0.00,0.00,0.00,access
997,333,92,1,6732.00,6732.00,3740.00,access
998,333,109,1,5760.00,5760.00,3200.00,access
999,333,3,1,8370.00,8370.00,4650.00,access
1000,334,83,1,6534.00,6534.00,3630.00,access
1001,334,100,2,6732.00,13464.00,3740.00,access
1002,334,114,1,0.00,0.00,0.00,access
1003,335,90,2,6336.00,12672.00,3520.00,access
1004,335,107,1,5400.00,5400.00,3000.00,access
1005,335,1,1,7830.00,7830.00,4350.00,access
1006,336,97,1,6138.00,6138.00,3410.00,access
1007,336,114,1,0.00,0.00,0.00,access
1008,336,8,1,8370.00,8370.00,4650.00,access
1009,337,88,1,5940.00,5940.00,3300.00,access
1010,337,105,2,5040.00,10080.00,2800.00,access
1011,337,119,1,0.00,0.00,0.00,access
1012,338,95,2,7326.00,14652.00,4070.00,access
1013,338,112,1,0.00,0.00,0.00,access
1014,338,6,1,7830.00,7830.00,4350.00,access
1015,339,102,1,5400.00,5400.00,3000.00,access
1016,339,119,1,0.00,0.00,0.00,access
1017,339,13,1,8370.00,8370.00,4650.00,access
1018,340,93,1,6930.00,6930.00,3850.00,access
1019,340,110,2,5040.00,10080.00,2800.00,access
1020,340,4,1,8640.00,8640.00,4800.00,access
1021,341,100,2,6732.00,13464.00,3740.00,access
1022,341,117,1,0.00,0.00,0.00,access
1023,341,11,1,7830.00,7830.00,4350.00,access
1024,342,107,1,5400.00,5400.00,3000.00,access
1025,342,4,1,8640.00,8640.00,4800.00,access
1026,342,18,1,7956.00,7956.00,4420.00,access
1027,343,98,1,6336.00,6336.00,3520.00,access
1028,343,115,2,0.00,0.00,0.00,access
1029,343,9,1,8640.00,8640.00,4800.00,access
1030,344,105,2,5040.00,10080.00,2800.00,access
1031,344,2,1,8100.00,8100.00,4500.00,access
1032,344,16,1,7488.00,7488.00,4160.00,access
1033,345,112,1,0.00,0.00,0.00,access
1034,345,9,1,8640.00,8640.00,4800.00,access
1035,345,23,1,7488.00,7488.00,4160.00,access
1036,346,103,1,5580.00,5580.00,3100.00,access
1037,346,120,2,0.00,0.00,0.00,access
1038,346,14,1,8640.00,8640.00,4800.00,access
1039,347,110,2,5040.00,10080.00,2800.00,access
1040,347,7,1,8100.00,8100.00,4500.00,access
1041,347,21,1,7020.00,7020.00,3900.00,access
1042,348,117,1,0.00,0.00,0.00,access
1043,348,14,1,8640.00,8640.00,4800.00,access
1044,348,28,1,7020.00,7020.00,3900.00,access
1045,349,108,1,5580.00,5580.00,3100.00,access
1046,349,5,2,7560.00,15120.00,4200.00,access
1047,349,19,1,8190.00,8190.00,4550.00,access
1048,350,115,2,0.00,0.00,0.00,access
1049,350,12,1,8100.00,8100.00,4500.00,access
1050,350,26,1,8190.00,8190.00,4550.00,access
1051,351,2,1,8100.00,8100.00,4500.00,access
1052,351,19,1,8190.00,8190.00,4550.00,access
1053,351,33,1,8190.00,8190.00,4550.00,access
1054,352,113,1,0.00,0.00,0.00,access
1055,352,10,2,7560.00,15120.00,4200.00,access
1056,352,24,1,7722.00,7722.00,4290.00,access
1057,353,120,2,0.00,0.00,0.00,access
1058,353,17,1,7722.00,7722.00,4290.00,access
1059,353,31,1,7722.00,7722.00,4290.00,access
1060,354,7,1,8100.00,8100.00,4500.00,access
1061,354,24,1,7722.00,7722.00,4290.00,access
1062,354,38,1,9828.00,9828.00,5460.00,access
1063,355,118,1,0.00,0.00,0.00,access
1064,355,15,2,7560.00,15120.00,4200.00,access
1065,355,29,1,7254.00,7254.00,4030.00,access
1066,356,5,2,7560.00,15120.00,4200.00,access
1067,356,22,1,7254.00,7254.00,4030.00,access
1068,356,36,1,9180.00,9180.00,5100.00,access
1069,357,12,1,8100.00,8100.00,4500.00,access
1070,357,29,1,7254.00,7254.00,4030.00,access
1071,357,43,1,9504.00,9504.00,5280.00,access
1072,358,3,1,8370.00,8370.00,4650.00,access
1073,358,20,2,8424.00,16848.00,4680.00,access
1074,358,34,1,8424.00,8424.00,4680.00,access
1075,359,10,2,7560.00,15120.00,4200.00,access
1076,359,27,1,8424.00,8424.00,4680.00,access
1077,359,41,1,10800.00,10800.00,6000.00,access
1078,360,17,1,7722.00,7722.00,4290.00,access
1079,360,34,1,8424.00,8424.00,4680.00,access
1080,360,48,1,0.00,0.00,5100.00,access
1081,361,8,1,8370.00,8370.00,4650.00,access
1082,361,25,2,7956.00,15912.00,4420.00,access
1083,361,39,1,10152.00,10152.00,5640.00,access
1084,362,15,2,7560.00,15120.00,4200.00,access
1085,362,32,1,7956.00,7956.00,4420.00,access
1086,362,46,1,10476.00,10476.00,5820.00,access
1087,363,22,1,7254.00,7254.00,4030.00,access
1088,363,39,1,10152.00,10152.00,5640.00,access
1089,363,53,1,10800.00,10800.00,6000.00,access
1090,364,13,1,8370.00,8370.00,4650.00,access
1091,364,30,2,7488.00,14976.00,4160.00,access
1092,364,44,1,9828.00,9828.00,5460.00,access
1093,365,20,2,8424.00,16848.00,4680.00,access
1094,365,37,1,9504.00,9504.00,5280.00,access
1095,365,51,1,10152.00,10152.00,5640.00,access
1096,366,27,1,8424.00,8424.00,4680.00,access
1097,366,44,1,9828.00,9828.00,5460.00,access
1098,366,58,1,6912.00,6912.00,3840.00,access
1099,367,18,1,7956.00,7956.00,4420.00,access
1100,367,35,2,7020.00,14040.00,3900.00,access
1101,367,49,1,9504.00,9504.00,5280.00,access
1102,368,25,2,7956.00,15912.00,4420.00,access
1103,368,42,1,9180.00,9180.00,5100.00,access
1104,368,56,1,6480.00,6480.00,3600.00,access
1105,369,32,1,7956.00,7956.00,4420.00,access
1106,369,49,1,9504.00,9504.00,5280.00,access
1107,369,63,1,7128.00,7128.00,3960.00,access
1108,370,23,1,7488.00,7488.00,4160.00,access
1109,370,40,2,10476.00,20952.00,5820.00,access
1110,370,54,1,6912.00,6912.00,3840.00,access
1111,371,30,2,7488.00,14976.00,4160.00,access
1112,371,47,1,10800.00,10800.00,6000.00,access
1113,371,61,1,6696.00,6696.00,3720.00,access
1114,372,37,1,9504.00,9504.00,5280.00,access
1115,372,54,1,6912.00,6912.00,3840.00,access
1116,372,68,1,6732.00,6732.00,3740.00,access
1117,373,28,1,7020.00,7020.00,3900.00,access
1118,373,45,2,10152.00,20304.00,5640.00,access
1119,373,59,1,7128.00,7128.00,3960.00,access
1120,374,35,2,7020.00,14040.00,3900.00,access
1121,374,52,1,10476.00,10476.00,5820.00,access
1122,374,66,1,6336.00,6336.00,3520.00,access
1123,375,42,1,9180.00,9180.00,5100.00,access
1124,375,59,1,7128.00,7128.00,3960.00,access
1125,375,73,1,6138.00,6138.00,3410.00,access
1126,376,33,1,8190.00,8190.00,4550.00,access
1127,376,50,2,9828.00,19656.00,5460.00,access
1128,376,64,1,5940.00,5940.00,3300.00,access
1129,377,40,2,10476.00,20952.00,5820.00,access
1130,377,57,1,6696.00,6696.00,3720.00,access
1131,377,71,1,7326.00,7326.00,4070.00,access
1132,378,47,1,10800.00,10800.00,6000.00,access
1133,378,64,1,5940.00,5940.00,3300.00,access
1134,378,78,1,7128.00,7128.00,3960.00,access
1135,379,38,1,9828.00,9828.00,5460.00,access
1136,379,55,2,7128.00,14256.00,3960.00,access
1137,379,69,1,6930.00,6930.00,3850.00,access
1138,380,45,2,10152.00,20304.00,5640.00,access
1139,380,62,1,6912.00,6912.00,3840.00,access
1140,380,76,1,6732.00,6732.00,3740.00,access
1141,381,52,1,10476.00,10476.00,5820.00,access
1142,381,69,1,6930.00,6930.00,3850.00,access
1143,381,83,1,6534.00,6534.00,3630.00,access
1144,382,43,1,9504.00,9504.00,5280.00,access
1145,382,60,2,6480.00,12960.00,3600.00,access
1146,382,74,1,6336.00,6336.00,3520.00,access
1147,383,50,2,9828.00,19656.00,5460.00,access
1148,383,67,1,6534.00,6534.00,3630.00,access
1149,383,81,1,6138.00,6138.00,3410.00,access
1150,384,57,1,6696.00,6696.00,3720.00,access
1151,384,74,1,6336.00,6336.00,3520.00,access
1152,384,88,1,5940.00,5940.00,3300.00,access
1153,385,48,1,9180.00,9180.00,5100.00,access
1154,385,65,2,6138.00,12276.00,3410.00,access
1155,385,79,1,7326.00,7326.00,4070.00,access
1156,386,55,2,7128.00,14256.00,3960.00,access
1157,386,72,1,5940.00,5940.00,3300.00,access
1158,386,86,1,7128.00,7128.00,3960.00,access
1159,387,62,1,6912.00,6912.00,3840.00,access
1160,387,79,1,7326.00,7326.00,4070.00,access
1161,387,93,1,6930.00,6930.00,3850.00,access
1162,388,53,1,10800.00,10800.00,6000.00,access
1163,388,70,2,7128.00,14256.00,3960.00,access
1164,388,84,1,6732.00,6732.00,3740.00,access
1165,389,60,2,6480.00,12960.00,3600.00,access
1166,389,77,1,6930.00,6930.00,3850.00,access
1167,389,91,1,6534.00,6534.00,3630.00,access
1168,390,67,1,6534.00,6534.00,3630.00,access
1169,390,84,1,6732.00,6732.00,3740.00,access
1170,390,98,1,6336.00,6336.00,3520.00,access
1171,391,58,1,6912.00,6912.00,3840.00,access
1172,391,75,2,6534.00,13068.00,3630.00,access
1173,391,89,1,6138.00,6138.00,3410.00,access
1174,392,65,2,6138.00,12276.00,3410.00,access
1175,392,82,1,6336.00,6336.00,3520.00,access
1176,392,96,1,5940.00,5940.00,3300.00,access
1177,393,72,1,5940.00,5940.00,3300.00,access
1178,393,89,1,6138.00,6138.00,3410.00,access
1179,393,103,1,5580.00,5580.00,3100.00,access
1180,394,63,1,7128.00,7128.00,3960.00,access
1181,394,80,2,5940.00,11880.00,3300.00,access
1182,394,94,1,7128.00,7128.00,3960.00,access
1183,395,70,2,7128.00,14256.00,3960.00,access
1184,395,87,1,7326.00,7326.00,4070.00,access
1185,395,101,1,5220.00,5220.00,2900.00,access
1186,396,77,1,6930.00,6930.00,3850.00,access
1187,396,94,1,7128.00,7128.00,3960.00,access
1188,396,108,1,5580.00,5580.00,3100.00,access
1189,397,68,1,6732.00,6732.00,3740.00,access
1190,397,85,2,6930.00,13860.00,3850.00,access
1191,397,99,1,6534.00,6534.00,3630.00,access
1192,398,75,2,6534.00,13068.00,3630.00,access
1193,398,92,1,6732.00,6732.00,3740.00,access
1194,398,106,1,5220.00,5220.00,2900.00,access
1195,399,82,1,6336.00,6336.00,3520.00,access
1196,399,99,1,6534.00,6534.00,3630.00,access
1197,399,113,1,0.00,0.00,0.00,access
1198,400,73,1,6138.00,6138.00,3410.00,access
1199,400,90,2,6336.00,12672.00,3520.00,access
1200,400,104,1,5760.00,5760.00,3200.00,access
1201,401,80,2,5940.00,11880.00,3300.00,access
1202,401,97,1,6138.00,6138.00,3410.00,access
1203,401,111,1,0.00,0.00,0.00,access
1204,402,87,1,7326.00,7326.00,4070.00,access
1205,402,104,1,5760.00,5760.00,3200.00,access
1206,402,118,1,0.00,0.00,0.00,access
1207,403,78,1,7128.00,7128.00,3960.00,access
1208,403,95,2,7326.00,14652.00,4070.00,access
1209,403,109,1,5760.00,5760.00,3200.00,access
1210,404,85,2,6930.00,13860.00,3850.00,access
1211,404,102,1,5400.00,5400.00,3000.00,access
1212,404,116,1,0.00,0.00,0.00,access
1213,405,92,1,6732.00,6732.00,3740.00,access
1214,405,109,1,5760.00,5760.00,3200.00,access
1215,405,3,1,8370.00,8370.00,4650.00,access
1216,406,83,1,6534.00,6534.00,3630.00,access
1217,406,100,2,6732.00,13464.00,3740.00,access
1218,406,114,1,0.00,0.00,0.00,access
1219,407,90,2,6336.00,12672.00,3520.00,access
1220,407,107,1,5400.00,5400.00,3000.00,access
1221,407,1,1,7830.00,7830.00,4350.00,access
1222,408,97,1,6138.00,6138.00,3410.00,access
1223,408,114,1,0.00,0.00,0.00,access
1224,408,8,1,8370.00,8370.00,4650.00,access
1225,409,88,1,5940.00,5940.00,3300.00,access
1226,409,105,2,5040.00,10080.00,2800.00,access
1227,409,119,1,0.00,0.00,0.00,access
1228,410,95,2,7326.00,14652.00,4070.00,access
1229,410,112,1,0.00,0.00,0.00,access
1230,410,6,1,7830.00,7830.00,4350.00,access
1231,411,102,1,5400.00,5400.00,3000.00,access
1232,411,119,1,0.00,0.00,0.00,access
1233,411,13,1,8370.00,8370.00,4650.00,access
1234,412,93,1,6930.00,6930.00,3850.00,access
1235,412,110,2,5040.00,10080.00,2800.00,access
1236,412,4,1,8640.00,8640.00,4800.00,access
1237,413,100,2,6732.00,13464.00,3740.00,access
1238,413,117,1,0.00,0.00,0.00,access
1239,413,11,1,7830.00,7830.00,4350.00,access
1240,414,107,1,5400.00,5400.00,3000.00,access
1241,414,4,1,8640.00,8640.00,4800.00,access
1242,414,18,1,7956.00,7956.00,4420.00,access
1243,415,98,1,6336.00,6336.00,3520.00,access
1244,415,115,2,0.00,0.00,0.00,access
1245,415,9,1,8640.00,8640.00,4800.00,access
1246,416,105,2,5040.00,10080.00,2800.00,access
1247,416,2,1,8100.00,8100.00,4500.00,access
1248,416,16,1,7488.00,7488.00,4160.00,access
1249,417,112,1,0.00,0.00,0.00,access
1250,417,9,1,8640.00,8640.00,4800.00,access
1251,417,23,1,7488.00,7488.00,4160.00,access
1252,418,103,1,5580.00,5580.00,3100.00,access
1253,418,120,2,0.00,0.00,0.00,access
1254,418,14,1,8640.00,8640.00,4800.00,access
1255,419,110,2,5040.00,10080.00,2800.00,access
1256,419,7,1,8100.00,8100.00,4500.00,access
1257,419,21,1,7020.00,7020.00,3900.00,access
1258,420,117,1,0.00,0.00,0.00,access
1259,420,14,1,8640.00,8640.00,4800.00,access
1260,420,28,1,0.00,0.00,3900.00,access
1261,421,108,1,5580.00,5580.00,3100.00,access
1262,421,5,2,7560.00,15120.00,4200.00,access
1263,421,19,1,8190.00,8190.00,4550.00,access
1264,422,115,2,0.00,0.00,0.00,access
1265,422,12,1,8100.00,8100.00,4500.00,access
1266,422,26,1,8190.00,8190.00,4550.00,access
1267,423,2,1,8100.00,8100.00,4500.00,access
1268,423,19,1,8190.00,8190.00,4550.00,access
1269,423,33,1,8190.00,8190.00,4550.00,access
1270,424,113,1,0.00,0.00,0.00,access
1271,424,10,2,7560.00,15120.00,4200.00,access
1272,424,24,1,7722.00,7722.00,4290.00,access
1273,425,120,2,0.00,0.00,0.00,access
1274,425,17,1,7722.00,7722.00,4290.00,access
1275,425,31,1,7722.00,7722.00,4290.00,access
1276,426,7,1,8100.00,8100.00,4500.00,access
1277,426,24,1,7722.00,7722.00,4290.00,access
1278,426,38,1,9828.00,9828.00,5460.00,access
1279,427,118,1,0.00,0.00,0.00,access
1280,427,15,2,7560.00,15120.00,4200.00,access
1281,427,29,1,7254.00,7254.00,4030.00,access
1282,428,5,2,7560.00,15120.00,4200.00,access
1283,428,22,1,7254.00,7254.00,4030.00,access
1284,428,36,1,9180.00,9180.00,5100.00,access
1285,429,12,1,8100.00,8100.00,4500.00,access
1286,429,29,1,7254.00,7254.00,4030.00,access
1287,429,43,1,9504.00,9504.00,5280.00,access
1288,430,3,1,8370.00,8370.00,4650.00,access
1289,430,20,2,8424.00,16848.00,4680.00,access
1290,430,34,1,8424.00,8424.00,4680.00,access
1291,431,10,2,7560.00,15120.00,4200.00,access
1292,431,27,1,8424.00,8424.00,4680.00,access
1293,431,41,1,10800.00,10800.00,6000.00,access
1294,432,17,1,7722.00,7722.00,4290.00,access
1295,432,34,1,8424.00,8424.00,4680.00,access
1296,432,48,1,9180.00,9180.00,5100.00,access
1297,433,8,1,8370.00,8370.00,4650.00,access
1298,433,25,2,7956.00,15912.00,4420.00,access
1299,433,39,1,10152.00,10152.00,5640.00,access
1300,434,15,2,7560.00,15120.00,4200.00,access
1301,434,32,1,7956.00,7956.00,4420.00,access
1302,434,46,1,10476.00,10476.00,5820.00,access
1303,435,22,1,7254.00,7254.00,4030.00,access
1304,435,39,1,10152.00,10152.00,5640.00,access
1305,435,53,1,10800.00,10800.00,6000.00,access
1306,436,13,1,8370.00,8370.00,4650.00,access
1307,436,30,2,7488.00,14976.00,4160.00,access
1308,436,44,1,9828.00,9828.00,5460.00,access
1309,437,20,2,8424.00,16848.00,4680.00,access
1310,437,37,1,9504.00,9504.00,5280.00,access
1311,437,51,1,10152.00,10152.00,5640.00,access
1312,438,27,1,8424.00,8424.00,4680.00,access
1313,438,44,1,9828.00,9828.00,5460.00,access
1314,438,58,1,6912.00,6912.00,3840.00,access
1315,439,18,1,7956.00,7956.00,4420.00,access
1316,439,35,2,7020.00,14040.00,3900.00,access
1317,439,49,1,9504.00,9504.00,5280.00,access
1318,440,25,2,7956.00,15912.00,4420.00,access
1319,440,42,1,9180.00,9180.00,5100.00,access
1320,440,56,1,6480.00,6480.00,3600.00,access
1321,441,32,1,7956.00,7956.00,4420.00,access
1322,441,49,1,9504.00,9504.00,5280.00,access
1323,441,63,1,7128.00,7128.00,3960.00,access
1324,442,23,1,7488.00,7488.00,4160.00,access
1325,442,40,2,10476.00,20952.00,5820.00,access
1326,442,54,1,6912.00,6912.00,3840.00,access
1327,443,30,2,7488.00,14976.00,4160.00,access
1328,443,47,1,10800.00,10800.00,6000.00,access
1329,443,61,1,6696.00,6696.00,3720.00,access
1330,444,37,1,9504.00,9504.00,5280.00,access
1331,444,54,1,6912.00,6912.00,3840.00,access
1332,444,68,1,6732.00,6732.00,3740.00,access
1333,445,28,1,7020.00,7020.00,3900.00,access
1334,445,45,2,10152.00,20304.00,5640.00,access
1335,445,59,1,7128.00,7128.00,3960.00,access
1336,446,35,2,7020.00,14040.00,3900.00,access
1337,446,52,1,10476.00,10476.00,5820.00,access
1338,446,66,1,6336.00,6336.00,3520.00,access
1339,447,42,1,9180.00,9180.00,5100.00,access
1340,447,59,1,7128.00,7128.00,3960.00,access
1341,447,73,1,6138.00,6138.00,3410.00,access
1342,448,33,1,8190.00,8190.00,4550.00,access
1343,448,50,2,9828.00,19656.00,5460.00,access
1344,448,64,1,5940.00,5940.00,3300.00,access
1345,449,40,2,10476.00,20952.00,5820.00,access
1346,449,57,1,6696.00,6696.00,3720.00,access
1347,449,71,1,7326.00,7326.00,4070.00,access
1348,450,47,1,10800.00,10800.00,6000.00,access
1349,450,64,1,5940.00,5940.00,3300.00,access
1350,450,78,1,7128.00,7128.00,3960.00,access
1351,451,38,1,9828.00,9828.00,5460.00,access
1352,451,55,2,7128.00,14256.00,3960.00,access
1353,451,69,1,6930.00,6930.00,3850.00,access
1354,452,45,2,10152.00,20304.00,5640.00,access
1355,452,62,1,6912.00,6912.00,3840.00,access
1356,452,76,1,6732.00,6732.00,3740.00,access
1357,453,52,1,10476.00,10476.00,5820.00,access
1358,453,69,1,6930.00,6930.00,3850.00,access
1359,453,83,1,6534.00,6534.00,3630.00,access
1360,454,43,1,9504.00,9504.00,5280.00,access
1361,454,60,2,6480.00,12960.00,3600.00,access
1362,454,74,1,6336.00,6336.00,3520.00,access
1363,455,50,2,9828.00,19656.00,5460.00,access
1364,455,67,1,6534.00,6534.00,3630.00,access
1365,455,81,1,6138.00,6138.00,3410.00,access
1366,456,57,1,6696.00,6696.00,3720.00,access
1367,456,74,1,6336.00,6336.00,3520.00,access
1368,456,88,1,5940.00,5940.00,3300.00,access
1369,457,48,1,9180.00,9180.00,5100.00,access
1370,457,65,2,6138.00,12276.00,3410.00,access
1371,457,79,1,7326.00,7326.00,4070.00,access
1372,458,55,2,7128.00,14256.00,3960.00,access
1373,458,72,1,5940.00,5940.00,3300.00,access
1374,458,86,1,7128.00,7128.00,3960.00,access
1375,459,62,1,6912.00,6912.00,3840.00,access
1376,459,79,1,7326.00,7326.00,4070.00,access
1377,459,93,1,6930.00,6930.00,3850.00,access
1378,460,53,1,10800.00,10800.00,6000.00,access
1379,460,70,2,7128.00,14256.00,3960.00,access
1380,460,84,1,6732.00,6732.00,3740.00,access
1381,461,60,2,6480.00,12960.00,3600.00,access
1382,461,77,1,6930.00,6930.00,3850.00,access
1383,461,91,1,6534.00,6534.00,3630.00,access
1384,462,67,1,6534.00,6534.00,3630.00,access
1385,462,84,1,6732.00,6732.00,3740.00,access
1386,462,98,1,6336.00,6336.00,3520.00,access
1387,463,58,1,6912.00,6912.00,3840.00,access
1388,463,75,2,6534.00,13068.00,3630.00,access
1389,463,89,1,6138.00,6138.00,3410.00,access
1390,464,65,2,6138.00,12276.00,3410.00,access
1391,464,82,1,6336.00,6336.00,3520.00,access
1392,464,96,1,5940.00,5940.00,3300.00,access
1393,465,72,1,5940.00,5940.00,3300.00,access
1394,465,89,1,6138.00,6138.00,3410.00,access
1395,465,103,1,5580.00,5580.00,3100.00,access
1396,466,63,1,7128.00,7128.00,3960.00,access
1397,466,80,2,5940.00,11880.00,3300.00,access
1398,466,94,1,7128.00,7128.00,3960.00,access
1399,467,70,2,7128.00,14256.00,3960.00,access
1400,467,87,1,7326.00,7326.00,4070.00,access
1401,467,101,1,5220.00,5220.00,2900.00,access
1402,468,77,1,6930.00,6930.00,3850.00,access
1403,468,94,1,7128.00,7128.00,3960.00,access
1404,468,108,1,5580.00,5580.00,3100.00,access
1405,469,68,1,6732.00,6732.00,3740.00,access
1406,469,85,2,6930.00,13860.00,3850.00,access
1407,469,99,1,6534.00,6534.00,3630.00,access
1408,470,75,2,6534.00,13068.00,3630.00,access
1409,470,92,1,6732.00,6732.00,3740.00,access
1410,470,106,1,5220.00,5220.00,2900.00,access
1411,471,82,1,6336.00,6336.00,3520.00,access
1412,471,99,1,6534.00,6534.00,3630.00,access
1413,471,113,1,0.00,0.00,0.00,access
1414,472,73,1,6138.00,6138.00,3410.00,access
1415,472,90,2,6336.00,12672.00,3520.00,access
1416,472,104,1,5760.00,5760.00,3200.00,access
1417,473,80,2,5940.00,11880.00,3300.00,access
1418,473,97,1,6138.00,6138.00,3410.00,access
1419,473,111,1,0.00,0.00,0.00,access
1420,474,87,1,7326.00,7326.00,4070.00,access
1421,474,104,1,5760.00,5760.00,3200.00,access
1422,474,118,1,0.00,0.00,0.00,access
1423,475,78,1,7128.00,7128.00,3960.00,access
1424,475,95,2,7326.00,14652.00,4070.00,access
1425,475,109,1,5760.00,5760.00,3200.00,access
1426,476,85,2,6930.00,13860.00,3850.00,access
1427,476,102,1,5400.00,5400.00,3000.00,access
1428,476,116,1,0.00,0.00,0.00,access
1429,477,92,1,6732.00,6732.00,3740.00,access
1430,477,109,1,5760.00,5760.00,3200.00,access
1431,477,3,1,8370.00,8370.00,4650.00,access
1432,478,83,1,6534.00,6534.00,3630.00,access
1433,478,100,2,6732.00,13464.00,3740.00,access
1434,478,114,1,0.00,0.00,0.00,access
1435,479,90,2,6336.00,12672.00,3520.00,access
1436,479,107,1,5400.00,5400.00,3000.00,access
1437,479,1,1,7830.00,7830.00,4350.00,access
1438,480,97,1,6138.00,6138.00,3410.00,access
1439,480,114,1,0.00,0.00,0.00,access
1440,480,8,1,0.00,0.00,4650.00,access
1441,481,88,1,5940.00,5940.00,3300.00,access
1442,481,105,2,5040.00,10080.00,2800.00,access
1443,481,119,1,0.00,0.00,0.00,access
1444,482,95,2,7326.00,14652.00,4070.00,access
1445,482,112,1,0.00,0.00,0.00,access
1446,482,6,1,7830.00,7830.00,4350.00,access
1447,483,102,1,5400.00,5400.00,3000.00,access
1448,483,119,1,0.00,0.00,0.00,access
1449,483,13,1,8370.00,8370.00,4650.00,access
1450,484,93,1,6930.00,6930.00,3850.00,access
1451,484,110,2,5040.00,10080.00,2800.00,access
1452,484,4,1,8640.00,8640.00,4800.00,access
1453,485,100,2,6732.00,13464.00,3740.00,access
1454,485,117,1,0.00,0.00,0.00,access
1455,485,11,1,7830.00,7830.00,4350.00,access
1456,486,107,1,5400.00,5400.00,3000.00,access
1457,486,4,1,8640.00,8640.00,4800.00,access
1458,486,18,1,7956.00,7956.00,4420.00,access
1459,487,98,1,6336.00,6336.00,3520.00,access
1460,487,115,2,0.00,0.00,0.00,access
1461,487,9,1,8640.00,8640.00,4800.00,access
1462,488,105,2,5040.00,10080.00,2800.00,access
1463,488,2,1,8100.00,8100.00,4500.00,access
1464,488,16,1,7488.00,7488.00,4160.00,access
1465,489,112,1,0.00,0.00,0.00,access
1466,489,9,1,8640.00,8640.00,4800.00,access
1467,489,23,1,7488.00,7488.00,4160.00,access
1468,490,103,1,5580.00,5580.00,3100.00,access
1469,490,120,2,0.00,0.00,0.00,access
1470,490,14,1,8640.00,8640.00,4800.00,access
1471,491,110,2,5040.00,10080.00,2800.00,access
1472,491,7,1,8100.00,8100.00,4500.00,access
1473,491,21,1,7020.00,7020.00,3900.00,access
1474,492,117,1,0.00,0.00,0.00,access
1475,492,14,1,8640.00,8640.00,4800.00,access
1476,492,28,1,7020.00,7020.00,3900.00,access
1477,493,108,1,5580.00,5580.00,3100.00,access
1478,493,5,2,7560.00,15120.00,4200.00,access
1479,493,19,1,8190.00,8190.00,4550.00,access
1480,494,115,2,0.00,0.00,0.00,access
1481,494,12,1,8100.00,8100.00,4500.00,access
1482,494,26,1,8190.00,8190.00,4550.00,access
1483,495,2,1,8100.00,8100.00,4500.00,access
1484,495,19,1,8190.00,8190.00,4550.00,access
1485,495,33,1,8190.00,8190.00,4550.00,access
1486,496,113,1,0.00,0.00,0.00,access
1487,496,10,2,7560.00,15120.00,4200.00,access
1488,496,24,1,7722.00,7722.00,4290.00,access
1489,497,120,2,0.00,0.00,0.00,access
1490,497,17,1,7722.00,7722.00,4290.00,access
1491,497,31,1,7722.00,7722.00,4290.00,access
1492,498,7,1,8100.00,8100.00,4500.00,access
1493,498,24,1,7722.00,7722.00,4290.00,access
1494,498,38,1,9828.00,9828.00,5460.00,access
1495,499,118,1,0.00,0.00,0.00,access
1496,499,15,2,7560.00,15120.00,4200.00,access
1497,499,29,1,7254.00,7254.00,4030.00,access
1498,500,5,2,7560.00,15120.00,4200.00,access
1499,500,22,1,7254.00,7254.00,4030.00,access
1500,500,36,1,9180.00,9180.00,5100.00,access
1501,501,12,1,8100.00,8100.00,4500.00,access
1502,501,29,1,7254.00,7254.00,4030.00,access
1503,501,43,1,9504.00,9504.00,5280.00,access
1504,502,3,1,8370.00,8370.00,4650.00,access
1505,502,20,2,8424.00,16848.00,4680.00,access
1506,502,34,1,8424.00,8424.00,4680.00,access
1507,503,10,2,7560.00,15120.00,4200.00,access
1508,503,27,1,8424.00,8424.00,4680.00,access
1509,503,41,1,10800.00,10800.00,6000.00,access
1510,504,17,1,7722.00,7722.00,4290.00,access
1511,504,34,1,8424.00,8424.00,4680.00,access
1512,504,48,1,9180.00,9180.00,5100.00,access
1513,505,8,1,8370.00,8370.00,4650.00,access
1514,505,25,2,7956.00,15912.00,4420.00,access
1515,505,39,1,10152.00,10152.00,5640.00,access
1516,506,15,2,7560.00,15120.00,4200.00,access
1517,506,32,1,7956.00,7956.00,4420.00,access
1518,506,46,1,10476.00,10476.00,5820.00,access
1519,507,22,1,7254.00,7254.00,4030.00,access
1520,507,39,1,10152.00,10152.00,5640.00,access
1521,507,53,1,10800.00,10800.00,6000.00,access
1522,508,13,1,8370.00,8370.00,4650.00,access
1523,508,30,2,7488.00,14976.00,4160.00,access
1524,508,44,1,9828.00,9828.00,5460.00,access
1525,509,20,2,8424.00,16848.00,4680.00,access
1526,509,37,1,9504.00,9504.00,5280.00,access
1527,509,51,1,10152.00,10152.00,5640.00,access
1528,510,27,1,8424.00,8424.00,4680.00,access
1529,510,44,1,9828.00,9828.00,5460.00,access
1530,510,58,1,6912.00,6912.00,3840.00,access
1531,511,18,1,7956.00,7956.00,4420.00,access
1532,511,35,2,7020.00,14040.00,3900.00,access
1533,511,49,1,9504.00,9504.00,5280.00,access
1534,512,25,2,7956.00,15912.00,4420.00,access
1535,512,42,1,9180.00,9180.00,5100.00,access
1536,512,56,1,6480.00,6480.00,3600.00,access
1537,513,32,1,7956.00,7956.00,4420.00,access
1538,513,49,1,9504.00,9504.00,5280.00,access
1539,513,63,1,7128.00,7128.00,3960.00,access
1540,514,23,1,7488.00,7488.00,4160.00,access
1541,514,40,2,10476.00,20952.00,5820.00,access
1542,514,54,1,6912.00,6912.00,3840.00,access
1543,515,30,2,7488.00,14976.00,4160.00,access
1544,515,47,1,10800.00,10800.00,6000.00,access
1545,515,61,1,6696.00,6696.00,3720.00,access
1546,516,37,1,9504.00,9504.00,5280.00,access
1547,516,54,1,6912.00,6912.00,3840.00,access
1548,516,68,1,6732.00,6732.00,3740.00,access
1549,517,28,1,7020.00,7020.00,3900.00,access
1550,517,45,2,10152.00,20304.00,5640.00,access
1551,517,59,1,7128.00,7128.00,3960.00,access
1552,518,35,2,7020.00,14040.00,3900.00,access
1553,518,52,1,10476.00,10476.00,5820.00,access
1554,518,66,1,6336.00,6336.00,3520.00,access
1555,519,42,1,9180.00,9180.00,5100.00,access
1556,519,59,1,7128.00,7128.00,3960.00,access
1557,519,73,1,6138.00,6138.00,3410.00,access
1558,520,33,1,8190.00,8190.00,4550.00,access
1559,520,50,2,9828.00,19656.00,5460.00,access
1560,520,64,1,5940.00,5940.00,3300.00,access
1561,521,40,2,10476.00,20952.00,5820.00,access
1562,521,57,1,6696.00,6696.00,3720.00,access
1563,521,71,1,7326.00,7326.00,4070.00,access
1564,522,47,1,10800.00,10800.00,6000.00,access
1565,522,64,1,5940.00,5940.00,3300.00,access
1566,522,78,1,7128.00,7128.00,3960.00,access
1567,523,38,1,9828.00,9828.00,5460.00,access
1568,523,55,2,7128.00,14256.00,3960.00,access
1569,523,69,1,6930.00,6930.00,3850.00,access
1570,524,45,2,10152.00,20304.00,5640.00,access
1571,524,62,1,6912.00,6912.00,3840.00,access
1572,524,76,1,6732.00,6732.00,3740.00,access
1573,525,52,1,10476.00,10476.00,5820.00,access
1574,525,69,1,6930.00,6930.00,3850.00,access
1575,525,83,1,6534.00,6534.00,3630.00,access
1576,526,43,1,9504.00,9504.00,5280.00,access
1577,526,60,2,6480.00,12960.00,3600.00,access
1578,526,74,1,6336.00,6336.00,3520.00,access
1579,527,50,2,9828.00,19656.00,5460.00,access
1580,527,67,1,6534.00,6534.00,3630.00,access
1581,527,81,1,6138.00,6138.00,3410.00,access
1582,528,57,1,6696.00,6696.00,3720.00,access
1583,528,74,1,6336.00,6336.00,3520.00,access
1584,528,88,1,5940.00,5940.00,3300.00,access
1585,529,48,1,9180.00,9180.00,5100.00,access
1586,529,65,2,6138.00,12276.00,3410.00,access
1587,529,79,1,7326.00,7326.00,4070.00,access
1588,530,55,2,7128.00,14256.00,3960.00,access
1589,530,72,1,5940.00,5940.00,3300.00,access
1590,530,86,1,7128.00,7128.00,3960.00,access
1591,531,62,1,6912.00,6912.00,3840.00,access
1592,531,79,1,7326.00,7326.00,4070.00,access
1593,531,93,1,6930.00,6930.00,3850.00,access
1594,532,53,1,10800.00,10800.00,6000.00,access
1595,532,70,2,7128.00,14256.00,3960.00,access
1596,532,84,1,6732.00,6732.00,3740.00,access
1597,533,60,2,6480.00,12960.00,3600.00,access
1598,533,77,1,6930.00,6930.00,3850.00,access
1599,533,91,1,6534.00,6534.00,3630.00,access
1600,534,67,1,6534.00,6534.00,3630.00,access
1601,534,84,1,6732.00,6732.00,3740.00,access
1602,534,98,1,6336.00,6336.00,3520.00,access
1603,535,58,1,6912.00,6912.00,3840.00,access
1604,535,75,2,6534.00,13068.00,3630.00,access
1605,535,89,1,6138.00,6138.00,3410.00,access
1606,536,65,2,6138.00,12276.00,3410.00,access
1607,536,82,1,6336.00,6336.00,3520.00,access
1608,536,96,1,5940.00,5940.00,3300.00,access
1609,537,72,1,5940.00,5940.00,3300.00,access
1610,537,89,1,6138.00,6138.00,3410.00,access
1611,537,103,1,5580.00,5580.00,3100.00,access
1612,538,63,1,7128.00,7128.00,3960.00,access
1613,538,80,2,5940.00,11880.00,3300.00,access
1614,538,94,1,7128.00,7128.00,3960.00,access
1615,539,70,2,7128.00,14256.00,3960.00,access
1616,539,87,1,7326.00,7326.00,4070.00,access
1617,539,101,1,5220.00,5220.00,2900.00,access
1618,540,77,1,6930.00,6930.00,3850.00,access
1619,540,94,1,7128.00,7128.00,3960.00,access
1620,540,108,1,0.00,0.00,3100.00,access
